{"accuracy": [0.41324421763420105, 0.534057080745697, 0.5579338073730469, 0.5643086433410645, 0.5754742622375488, 0.5793763995170593, 0.5826990604400635, 0.5876830220222473, 0.6013213396072388, 0.6072325706481934, 0.6106711030006409, 0.6073098182678223, 0.6104393005371094, 0.6155005097389221, 0.6102461218833923, 0.5374183654785156, 0.6517018675804138, 0.7027392387390137, 0.735424816608429, 0.7623536586761475, 0.7868484854698181, 0.8073252439498901, 0.8194568157196045, 0.8379631638526917, 0.8490128517150879, 0.857628583908081, 0.8711509704589844, 0.8839778900146484, 0.8887686729431152, 0.9002047777175903, 0.9055364727973938, 0.9150794148445129, 0.9197542667388916, 0.9264382123947144, 0.9307267069816589, 0.9354402422904968, 0.9432445764541626, 0.945446789264679, 0.9483058452606201, 0.9533284306526184, 0.9557238221168518, 0.9597805738449097, 0.9607850909233093, 0.9644940495491028, 0.9675849080085754, 0.9704052805900574, 0.9718347787857056, 0.9724143147468567, 0.9754278659820557], "val_accuracy": [0.5366336703300476, 0.5346534848213196, 0.5544554591178894, 0.5247524976730347, 0.5722772479057312, 0.5722772479057312, 0.5762376189231873, 0.5762376189231873, 0.5564356446266174, 0.5841584205627441, 0.5960395932197571, 0.6000000238418579, 0.603960394859314, 0.60792076587677, 0.6198019981384277, 0.5742574334144592, 0.6435643434524536, 0.7168316841125488, 0.7207920551300049, 0.7524752616882324, 0.7603960633277893, 0.7742574214935303, 0.7861385941505432, 0.790099024772644, 0.8138613700866699, 0.8118811845779419, 0.8297029733657837, 0.815841555595398, 0.8277227878570557, 0.8376237750053406, 0.8455445766448975, 0.8435643315315247, 0.8514851331710815, 0.8633663654327393, 0.8693069219589233, 0.8574257493019104, 0.8633663654327393, 0.8534653186798096, 0.8594059348106384, 0.8594059348106384, 0.8732673525810242, 0.8732673525810242, 0.8693069219589233, 0.8653465509414673, 0.8712871074676514, 0.8693069219589233, 0.8693069219589233, 0.8693069219589233, 0.8732673525810242], "loss": [2.828723430633545, 2.3453211784362793, 2.2476985454559326, 2.220499038696289, 2.1920619010925293, 2.1708664894104004, 2.1514194011688232, 2.142507553100586, 2.0889832973480225, 2.0787675380706787, 2.0669493675231934, 2.073636531829834, 2.064074754714966, 2.062120199203491, 2.0606799125671387, 2.3043291568756104, 1.932515263557434, 1.7821416854858398, 1.6749956607818604, 1.598848819732666, 1.5287950038909912, 1.4719386100769043, 1.4263043403625488, 1.3782976865768433, 1.3418974876403809, 1.3115739822387695, 1.2735873460769653, 1.245625615119934, 1.2219451665878296, 1.1967699527740479, 1.1755903959274292, 1.1550276279449463, 1.1347885131835938, 1.11831533908844, 1.1017347574234009, 1.0897490978240967, 1.0716416835784912, 1.0591213703155518, 1.0486202239990234, 1.0389349460601807, 1.0275557041168213, 1.0179014205932617, 1.0122578144073486, 1.000197410583496, 0.9928346276283264, 0.9802980422973633, 0.9775145053863525, 0.9733371734619141, 0.9667665958404541], "val_loss": [2.4681265354156494, 2.332683563232422, 2.3004729747772217, 2.302730083465576, 2.2022924423217773, 2.2289133071899414, 2.258054256439209, 2.2036495208740234, 2.1883463859558105, 2.1674485206604004, 2.1358025074005127, 2.1567013263702393, 2.146820068359375, 2.129544973373413, 2.1226515769958496, 2.2718470096588135, 2.0033318996429443, 1.8073230981826782, 1.7676610946655273, 1.6907334327697754, 1.6343464851379395, 1.5777251720428467, 1.548774242401123, 1.5400757789611816, 1.515247106552124, 1.4943698644638062, 1.4746453762054443, 1.47427499294281, 1.4559355974197388, 1.4335317611694336, 1.4280894994735718, 1.415887475013733, 1.4135109186172485, 1.378373146057129, 1.388755202293396, 1.3779044151306152, 1.3728864192962646, 1.392168641090393, 1.3680381774902344, 1.3877402544021606, 1.3687849044799805, 1.3230208158493042, 1.351980209350586, 1.3442171812057495, 1.337649941444397, 1.3228732347488403, 1.3272956609725952, 1.325531244277954, 1.321124792098999], "top5_val_accuracy": 0.9722772240638733, "num_classes": 51, "official_split": "test", "final_metrics": {"val": {"top1": 0.8732673267326733, "top5": 0.9306930899620056}, "test": {"top1": 0.906930693069307, "top5": 0.9722772240638733}}}