{"accuracy": [0.9728571176528931, 0.9825000166893005, 0.9871428608894348, 0.993571400642395, 0.9410714507102966, 0.9635714292526245, 0.9732142686843872], "val_accuracy": [0.9916666746139526, 0.9883333444595337, 0.9866666793823242, 0.9866666793823242, 0.9916666746139526, 0.9916666746139526, 0.9883333444595337], "loss": [0.08991827070713043, 0.0641094297170639, 0.06766165047883987, 0.03289613500237465, 0.2007056474685669, 0.10751757025718689, 0.08249474316835403], "val_loss": [0.043489474803209305, 0.05357635021209717, 0.0535784512758255, 0.06003255024552345, 0.035215821117162704, 0.03630466386675835, 0.03783448040485382], "final_metrics": {"val": 0.9916666666666667, "test": 0.9883333333333333}}