{
  "val": {
    "map50": 0.7818655138131383,
    "map50_95": 0.3728231898193134
  },
  "test": {
    "map50": 0.8797592512371614,
    "map50_95": 0.6151623551156428
  }
}